INSERT INTO ZAPOSLENI (jmbg, ime, prezime, ulica, broj, grad, datum_rođenja, prodmestoid)
VALUES ('2906999726059', 'Ana', 'Nikolic', 'Bulevar Oslobodjenja', '42', 'Novi Sad', '29-JUN-77', '2');
INSERT INTO ZAPOSLENI (jmbg, ime, prezime, ulica, broj, grad, datum_rođenja, prodmestoid)
VALUES ('1801985666012', 'Nikola', 'Stankovic', 'Vuka Karadzica', '7', 'Cacak', '18-JAN-88', '3');
INSERT INTO ZAPOSLENI (jmbg, ime, prezime, ulica, broj, grad, datum_rođenja, prodmestoid)
VALUES ('0803009764019', 'Maja', 'Jankovic', 'Makenzijeva', '10', 'Beograd', '20-MAR-77', '4');
INSERT INTO ZAPOSLENI (jmbg, ime, prezime, ulica, broj, grad, datum_rođenja, prodmestoid)
VALUES ('2209988630035', 'Petar', 'Milosevic', 'Gavrila Principa', '15', 'Kragujevac', '08-SEP-80', '5');
INSERT INTO ZAPOSLENI (jmbg, ime, prezime, ulica, broj, grad, datum_rođenja, prodmestoid)
VALUES ('0712982173016', 'Ivana', 'Markovic', 'Despota Djurdja', '21', 'Zrenjanin', '02-DEC-87', '6');
INSERT INTO ZAPOSLENI (jmbg, ime, prezime, ulica, broj, grad, datum_rođenja, prodmestoid)
VALUES ('2403995185025', 'Stefan', 'Petrovic', 'Kralja Petra', '9', 'Subotica', '15-MAY-54', '7');
INSERT INTO ZAPOSLENI (jmbg, ime, prezime, ulica, broj, grad, datum_rođenja, prodmestoid)
VALUES ('1208009875047', 'Jovana', 'Djokic', 'Karađorđeva', '3', 'Vrbas', '18-AUG-72', '8');
INSERT INTO ZAPOSLENI (jmbg, ime, prezime, ulica, broj, grad, datum_rođenja, prodmestoid)
VALUES ('3010996572044', 'Vuk', 'Jovanovic', 'Kralja Aleksandra', '27', 'Nis', '16-OCT-88', '9');
INSERT INTO ZAPOSLENI (jmbg, ime, prezime, ulica, broj, grad, datum_rođenja, prodmestoid)
VALUES ('0401978349061', 'Marija', 'Pavlovic', 'Bulevar Kralja Petra', '66', 'Beograd', '18-JAN-64', '10');
INSERT INTO ZAPOSLENI (jmbg, ime, prezime, ulica, broj, grad, datum_rođenja, prodmestoid)
VALUES ('1912983153026', 'Milan', 'Simic', 'Trg Slobode', '12', 'Novi Sad', '13-NOV-89', '11');
INSERT INTO ZAPOSLENI (jmbg, ime, prezime, ulica, broj, grad, datum_rođenja, prodmestoid)
VALUES ('1203010949023', 'Tamara', 'Ristic', 'Nikole Tesle', '14', 'Kraljevo', '10-MAR-70', '12');
INSERT INTO ZAPOSLENI (jmbg, ime, prezime, ulica, broj, grad, datum_rođenja, prodmestoid)
VALUES ('1706027627041', 'Dusan', 'Miljkovic', 'Vuka Karadzica', '17', 'Cacak', '20-JUL-92', '13');
INSERT INTO ZAPOSLENI (jmbg, ime, prezime, ulica, broj, grad, datum_rođenja, prodmestoid)
VALUES ('2808994517029', 'Sofija', 'Ivanovic', 'Bulevar Mihajla Pupina', '7', 'Novi Sad', '14-SEP-98', '14');


INSERT INTO ZAPOSLENI_BRTEL (jmbgzaposlenog, broj_telefona) VALUES (2906999726059, 0649238572);
INSERT INTO ZAPOSLENI_BRTEL (jmbgzaposlenog, broj_telefona) VALUES (2906999726059, 0635467890);
INSERT INTO ZAPOSLENI_BRTEL (jmbgzaposlenog, broj_telefona) VALUES (1801985666012, 0661112233);
INSERT INTO ZAPOSLENI_BRTEL (jmbgzaposlenog, broj_telefona) VALUES (0803009764019, 0695554443);
INSERT INTO ZAPOSLENI_BRTEL (jmbgzaposlenog, broj_telefona) VALUES (0803009764019, 0608888999);
INSERT INTO ZAPOSLENI_BRTEL (jmbgzaposlenog, broj_telefona) VALUES (2209988630035, 0623334567);
INSERT INTO ZAPOSLENI_BRTEL (jmbgzaposlenog, broj_telefona) VALUES (0712982173016, 0617778899);
INSERT INTO ZAPOSLENI_BRTEL (jmbgzaposlenog, broj_telefona) VALUES (2403995185025, 0654433221);
INSERT INTO ZAPOSLENI_BRTEL (jmbgzaposlenog, broj_telefona) VALUES (2403995185025, 0679876543);
INSERT INTO ZAPOSLENI_BRTEL (jmbgzaposlenog, broj_telefona) VALUES (1208009875047, 0631112223);
INSERT INTO ZAPOSLENI_BRTEL (jmbgzaposlenog, broj_telefona) VALUES (3010996572044, 0664447771);
INSERT INTO ZAPOSLENI_BRTEL (jmbgzaposlenog, broj_telefona) VALUES (0401978349061, 0618889992);
INSERT INTO ZAPOSLENI_BRTEL (jmbgzaposlenog, broj_telefona) VALUES (0401978349061, 0607778889);
INSERT INTO ZAPOSLENI_BRTEL (jmbgzaposlenog, broj_telefona) VALUES (1912983153026, 0695553344);
INSERT INTO ZAPOSLENI_BRTEL (jmbgzaposlenog, broj_telefona) VALUES (1912983153026, 0676664433);
INSERT INTO ZAPOSLENI_BRTEL (jmbgzaposlenog, broj_telefona) VALUES (1203010949023, 0685551113);
INSERT INTO ZAPOSLENI_BRTEL (jmbgzaposlenog, broj_telefona) VALUES (1706027627041, 0633331112);
INSERT INTO ZAPOSLENI_BRTEL (jmbgzaposlenog, broj_telefona) VALUES (1706027627041, 0614443332);


INSERT INTO FARMACEUT (jmbg, datum_diplomiranja, datum_obnove_licence) VALUES ('2906999726059', '05-JUN-15', '21-JUL-21');
INSERT INTO FARMACEUT (jmbg, datum_diplomiranja, datum_obnove_licence) VALUES ('0803009764019', '23-OCT-07', '22-JAN-15');
INSERT INTO FARMACEUT (jmbg, datum_diplomiranja, datum_obnove_licence) VALUES ('2808994517029', '22-DEC-11', '21-JAN-23');
INSERT INTO FARMACEUT (jmbg, datum_diplomiranja, datum_obnove_licence) VALUES ('1203010949023', '08-SEP-05', '13-AUG-17');
INSERT INTO FARMACEUT (jmbg, datum_diplomiranja, datum_obnove_licence) VALUES ('3010996572044', '26-JUN-12', '01-MAR-20');
INSERT INTO FARMACEUT (jmbg, datum_diplomiranja, datum_obnove_licence) VALUES ('2403995185025', '24-MAY-18', '29-APR-19');
INSERT INTO FARMACEUT (jmbg, datum_diplomiranja, datum_obnove_licence) VALUES ('0712982173016', '20-MAY-01', '21-SEP-21');

INSERT INTO RECEPT (serijski_broj, prodmestoid, šifralekara, jmbgzaposlenog) VALUES ('3', '10','105','2403995185025');
INSERT INTO RECEPT (serijski_broj, prodmestoid, šifralekara, jmbgzaposlenog) VALUES ('2', '4','103','0803009764019');
INSERT INTO RECEPT (serijski_broj, prodmestoid, šifralekara, jmbgzaposlenog) VALUES ('3', '14','105','2808994517029');
INSERT INTO RECEPT (serijski_broj, prodmestoid, šifralekara, jmbgzaposlenog) VALUES ('4', '12','107','1203010949023');
INSERT INTO RECEPT (serijski_broj, prodmestoid, šifralekara, jmbgzaposlenog) VALUES ('5', '9','109','3010996572044');
INSERT INTO RECEPT (serijski_broj, prodmestoid, šifralekara, jmbgzaposlenog) VALUES ('6', '7','102','2403995185025');
INSERT INTO RECEPT (serijski_broj, prodmestoid, šifralekara, jmbgzaposlenog) VALUES ('7', '6','104','0712982173016');

INSERT INTO PREPISAN (lekid, serbr, količina) VALUES(3,34, '2x dnevno');
INSERT INTO PREPISAN (lekid, serbr, količina) VALUES(4,35, '3x nedeljno');
INSERT INTO PREPISAN (lekid, serbr, količina) VALUES(10,36, '1x nedeljno');
INSERT INTO PREPISAN (lekid, serbr, količina) VALUES(13,37, '1x nedeljno');
INSERT INTO PREPISAN (lekid, serbr, količina) VALUES(12,38, '1x dnevno');
INSERT INTO PREPISAN (lekid, serbr, količina) VALUES(13,39, '3x dnevno');
INSERT INTO PREPISAN (lekid, serbr, količina) VALUES(8,41, '4x dnevno');

INSERT INTO SADRŽI_TIP (serbr,nazivprimgrupe) VALUES (34, 'analgtik');
INSERT INTO SADRŽI_TIP (serbr,nazivprimgrupe) VALUES (35, 'diuretik');
INSERT INTO SADRŽI_TIP (serbr,nazivprimgrupe) VALUES (36, 'antipiretik');
INSERT INTO SADRŽI_TIP (serbr,nazivprimgrupe) VALUES (37, 'analgetik');
INSERT INTO SADRŽI_TIP (serbr,nazivprimgrupe) VALUES (38, 'antipiretik');
INSERT INTO SADRŽI_TIP (serbr,nazivprimgrupe) VALUES (39, 'antipiretik');
INSERT INTO SADRŽI_TIP (serbr,nazivprimgrupe) VALUES (41, 'diuretik');

INSERT INTO SADRŽI_VRSTU (serbr, vrstaid) VALUES(34,1);
INSERT INTO SADRŽI_VRSTU (serbr, vrstaid) VALUES(35,4);
INSERT INTO SADRŽI_VRSTU (serbr, vrstaid) VALUES(36,3);
INSERT INTO SADRŽI_VRSTU (serbr, vrstaid) VALUES(37,2);
INSERT INTO SADRŽI_VRSTU (serbr, vrstaid) VALUES(38,2);
INSERT INTO SADRŽI_VRSTU (serbr, vrstaid) VALUES(39,1);
INSERT INTO SADRŽI_VRSTU (serbr, vrstaid) VALUES(41,1);

INSERT INTO LEKAR (šifra, ime, prezime, broj_telefona) VALUES(101, 'Ana', 'Janković', '0645551234');
INSERT INTO LEKAR (šifra, ime, prezime, broj_telefona) VALUES(102, 'Marko', 'Petrović', '0613339876');
INSERT INTO LEKAR (šifra, ime, prezime, broj_telefona) VALUES(103, 'Sara', 'Kovačević', '0634445678');
INSERT INTO LEKAR (šifra, ime, prezime, broj_telefona) VALUES(104, 'Ivan', 'Stojanović', '0652229876');
INSERT INTO LEKAR (šifra, ime, prezime, broj_telefona) VALUES(105, 'Jelena', 'Nikolić', '0623334567');
INSERT INTO LEKAR (šifra, ime, prezime, broj_telefona) VALUES(106, 'Miloš', 'Kovačić', '0661234567');
INSERT INTO LEKAR (šifra, ime, prezime, broj_telefona) VALUES(107, 'Jovana', 'Dimitrijević', '0647654321');
INSERT INTO LEKAR (šifra, ime, prezime, broj_telefona) VALUES(108, 'Nikola', 'Milošević', '0635554441');
INSERT INTO LEKAR (šifra, ime, prezime, broj_telefona) VALUES(109, 'Tijana', 'Marinković', '0619876543');
INSERT INTO LEKAR (šifra, ime, prezime, broj_telefona) VALUES(110, 'Aleksandar', 'Ilić', '0651112223');


INSERT INTO BOLEST (id, naziv) VALUES (1, 'Grip');
INSERT INTO BOLEST (id, naziv) VALUES (2, 'Astma');
INSERT INTO BOLEST (id, naziv) VALUES (3, 'Glavobolja');
INSERT INTO BOLEST (id, naziv) VALUES (4, 'Dijabetes');
INSERT INTO BOLEST (id, naziv) VALUES (6, 'Artritis');
INSERT INTO BOLEST (id, naziv) VALUES (7, 'Hipertenzija');
INSERT INTO BOLEST (id, naziv) VALUES (8, 'Bipolarni poremećaj');
INSERT INTO BOLEST (id, naziv) VALUES (9, 'Anemija');
INSERT INTO BOLEST (id, naziv) VALUES (10, 'Hepatitis');
INSERT INTO BOLEST (id, naziv) VALUES (11, 'Osteoporoza');


INSERT INTO PRIMARNA_GRUPA (naziv) VALUES ('antibiotik');
INSERT INTO PRIMARNA_GRUPA (naziv) VALUES ('analgetik');
INSERT INTO PRIMARNA_GRUPA (naziv) VALUES ('diuretik');
INSERT INTO PRIMARNA_GRUPA (naziv) VALUES ('antipiretik');


INSERT INTO LEK (id, komercijalni_naziv, hemijski_naziv, cena, doza_trudnice, doza_deca, doza_odrasli, idproizvođača, nazivprimgrupe) 
VALUES (1, 'Brufen', 'Ibuprofen', 200, 2, 3, 4, 1, 'analgetik');
INSERT INTO LEK (id, komercijalni_naziv, hemijski_naziv, cena, doza_trudnice, doza_deca, doza_odrasli, idproizvođača, nazivprimgrupe) 
VALUES (2, 'Paracetamol', 'Acetaminophen', 150, 1, 2, 2, 2, 'antibiotik');
INSERT INTO LEK (id, komercijalni_naziv, hemijski_naziv, cena, doza_trudnice, doza_deca, doza_odrasli, idproizvođača, nazivprimgrupe) 
VALUES (3, 'Aspirin', 'Acetylsalicylic acid', 100, 1, 1, 2, 3, 'analgetik');
INSERT INTO LEK (id, komercijalni_naziv, hemijski_naziv, cena, doza_trudnice, doza_deca, doza_odrasli, idproizvođača, nazivprimgrupe) 
VALUES (4, 'Lekadol', 'Paracetamol', 180, 2, 3, 4, 4, 'diuretik');
INSERT INTO LEK (id, komercijalni_naziv, hemijski_naziv, cena, doza_trudnice, doza_deca, doza_odrasli, idproizvođača, nazivprimgrupe) 
VALUES (5, 'Ventolin', 'Salbutamol', 250, 1, 2, 3, 5, 'diuretik');
INSERT INTO LEK (id, komercijalni_naziv, hemijski_naziv, cena, doza_trudnice, doza_deca, doza_odrasli, idproizvođača, nazivprimgrupe) 
VALUES (6, 'Nurofen', 'Ibuprofen', 230, 2, 2, 4, 6, 'antibiotik');
INSERT INTO LEK (id, komercijalni_naziv, hemijski_naziv, cena, doza_trudnice, doza_deca, doza_odrasli, idproizvođača, nazivprimgrupe) 
VALUES (7, 'Diclofenac', 'Diclofenac sodium', 300, 1, 1, 2,7, 'antibiotik');
INSERT INTO LEK (id, komercijalni_naziv, hemijski_naziv, cena, doza_trudnice, doza_deca, doza_odrasli, idproizvođača, nazivprimgrupe) 
VALUES (8, 'Voltaren', 'Diclofenac sodium', 350, 1, 2, 3,8, 'diuretik');
INSERT INTO LEK (id, komercijalni_naziv, hemijski_naziv, cena, doza_trudnice, doza_deca, doza_odrasli, idproizvođača, nazivprimgrupe) 
VALUES (9, 'Serlift', 'Sertraline hydrochloride', 400, 1, 1, 1, 9, 'antipiretik');
INSERT INTO LEK (id, komercijalni_naziv, hemijski_naziv, cena, doza_trudnice, doza_deca, doza_odrasli, idproizvođača, nazivprimgrupe) 
VALUES (10, 'Ksalol', 'Alprazolam', 180, 1, 1, 2, 10, 'analgetik');
INSERT INTO LEK (id, komercijalni_naziv, hemijski_naziv, cena, doza_trudnice, doza_deca, doza_odrasli, idproizvođača, nazivprimgrupe) 
VALUES (11, 'Tramadol', 'Tramadol hydrochloride', 250, 1, 2, 3, 11, 'antibiotik');
INSERT INTO LEK (id, komercijalni_naziv, hemijski_naziv, cena, doza_trudnice, doza_deca, doza_odrasli, idproizvođača, nazivprimgrupe) 
VALUES (12, 'Bromazepam', 'Bromazepam', 150, 1, 1, 2, 12, 'analgetik');
INSERT INTO LEK (id, komercijalni_naziv, hemijski_naziv, cena, doza_trudnice, doza_deca, doza_odrasli, idproizvođača, nazivprimgrupe) 
VALUES (13, 'Vitamin C', 'Ascorbic acid', 50, 2, 1, 2, 13, 'antipiretik');
INSERT INTO LEK (id, komercijalni_naziv, hemijski_naziv, cena, doza_trudnice, doza_deca, doza_odrasli, idproizvođača, nazivprimgrupe) 
VALUES (14, 'Omeprazol', 'Omeprazole', 300, 1, 1, 2,14, 'antibiotik');


INSERT INTO VRSTA_PAKOVANJA (id, tip) VALUES(1, 'injekcija');
INSERT INTO VRSTA_PAKOVANJA (id, tip) VALUES(2, 'sirup'); 
INSERT INTO VRSTA_PAKOVANJA (id, tip) VALUES(3, 'prašak');
INSERT INTO VRSTA_PAKOVANJA (id, tip) VALUES(4, 'tablete');


INSERT INTO SE_PAKUJE (lekid, pakovanjeid, sastav, količina) VALUES (1, 4, 'ibuprofen, natrijum-kroskarmeloza, magnezijum-stearat, hipromeloza', 200);
INSERT INTO SE_PAKUJE (lekid, pakovanjeid, sastav, količina) VALUES (1, 3, 'ibuprofen, natrijum-kroskarmeloza, magnezijum-stearat, hipromeloza', 250 );
INSERT INTO SE_PAKUJE (lekid, pakovanjeid, sastav, količina) VALUES (2, 1, 'paracetamol, celuloza, stearinska kiselina, hipromeloza, titan-dioksid',300);
INSERT INTO SE_PAKUJE (lekid, pakovanjeid, sastav, količina) VALUES (3, 2, 'acetilsalicilna kiselina, celuloza, hipromeloza, akrogol',150);
INSERT INTO SE_PAKUJE (lekid, pakovanjeid, sastav, količina) VALUES (4, 3, 'paracetamol, kroskarmeloza-natrijum, celuloza, magnezijum-stearat, talk',400 );
INSERT INTO SE_PAKUJE (lekid, pakovanjeid, sastav, količina) VALUES (5, 4, 'salbutamol sulfat, mikrokristalna celuloza, natrijum-hidrogenkarbonat, laktoza',150 );
INSERT INTO SE_PAKUJE (lekid, pakovanjeid, sastav, količina) VALUES (6, 1, 'ibuprofen, natrijum-kroskarmeloza, magnezijum-stearat, titan-dioksid',200 );
INSERT INTO SE_PAKUJE (lekid, pakovanjeid, sastav, količina) VALUES (7, 3, 'diklofenak-natrijum, celuloza, laktoza, kukuruzni skrob, magnezijum-stearat', 300);
INSERT INTO SE_PAKUJE (lekid, pakovanjeid, sastav, količina) VALUES (7, 4, 'diklofenak-natrijum, celuloza, laktoza, kukuruzni skrob, magnezijum-stearat',350 );
INSERT INTO SE_PAKUJE (lekid, pakovanjeid, sastav, količina) VALUES (8, 1, 'sertralin, celuloza, kroskarmeloza-natrijum, magnezijum-stearat, hipromeloza', 400);
INSERT INTO SE_PAKUJE (lekid, pakovanjeid, sastav, količina) VALUES (9, 2, 'sertralin, celuloza, kroskarmeloza-natrijum, hipromeloza, talk', 250);
INSERT INTO SE_PAKUJE (lekid, pakovanjeid, sastav, količina) VALUES (10, 3, 'alprazolam, celuloza, laktoza, magnezijum-stearat', 200);
INSERT INTO SE_PAKUJE (lekid, pakovanjeid, sastav, količina) VALUES (11, 4,' tramadol-hidrohlorid, celuloza, kroskarmeloza-natrijum, magnezijum-stearat, talk', 150);
INSERT INTO SE_PAKUJE (lekid, pakovanjeid, sastav, količina) VALUES (12, 4, 'bromazepam, laktoza, kukuruzni skrob, magnezijum-stearat', 200);
INSERT INTO SE_PAKUJE (lekid, pakovanjeid, sastav, količina) VALUES (13, 3, 'askorbinska kiselina, mikrokristalna celuloza, magnezijum-stearat', 100);
INSERT INTO SE_PAKUJE (lekid, pakovanjeid, sastav, količina) VALUES (14, 3, 'omeprazol, natrijum-karbonat, magnezijum-stearat, hipromeloza, titan-dioksid', 150);


INSERT INTO PRODAJNO_MESTO (id, naziv, ulica, grad, broj) VALUES (1, 'Janković', 'Mije Kovačevića', 'Beograd', 18);
INSERT INTO PRODAJNO_MESTO (id, naziv, ulica, grad, broj) VALUES (2, 'Benu', 'Kralja Petra', 'Novi Sad', 20);
INSERT INTO PRODAJNO_MESTO (id, naziv, ulica, grad, broj) VALUES (3, 'Zdravlje', 'Branka Bajića', 'Niš', 15);
INSERT INTO PRODAJNO_MESTO (id, naziv, ulica, grad, broj) VALUES (4, 'Lek', 'Vojvode Stepe', 'Beograd', 44);
INSERT INTO PRODAJNO_MESTO (id, naziv, ulica, grad, broj) VALUES (5, 'Delfarm', 'Vuka Karadžića', 'Kragujevac', 12);
INSERT INTO PRODAJNO_MESTO (id, naziv, ulica, grad, broj) VALUES (6, 'Galenika', 'Jove Ilića', 'Novi Sad', 9);
INSERT INTO PRODAJNO_MESTO (id, naziv, ulica, grad, broj) VALUES (7, 'Moja Apoteka', 'Bulevar Oslobođenja', 'Novi Sad', 10);
INSERT INTO PRODAJNO_MESTO (id, naziv, ulica, grad, broj) VALUES (8, 'Zelena Apoteka', 'Kralja Petra', 'Subotica', 17);
INSERT INTO PRODAJNO_MESTO (id, naziv, ulica, grad, broj) VALUES (9, 'Farmacia', 'Karađorđeva', 'Beograd', 22);
INSERT INTO PRODAJNO_MESTO (id, naziv, ulica, grad, broj) VALUES (10, 'Zora', 'Trg Oslobođenja', 'Čačak', 5);
INSERT INTO PRODAJNO_MESTO (id, naziv, ulica, grad, broj) VALUES (11, 'Megafarm', 'Njegoševa', 'Novi Sad', 34);
INSERT INTO PRODAJNO_MESTO (id, naziv, ulica, grad, broj) VALUES (12, 'Sofia', 'Bulevar Nikole Tesle', 'Beograd', 28);
INSERT INTO PRODAJNO_MESTO (id, naziv, ulica, grad, broj) VALUES (13, 'Apoteka Krstić', 'Maksima Gorkog', 'Kruševac', 3);
INSERT INTO PRODAJNO_MESTO (id, naziv, ulica, grad, broj) VALUES (14, 'Viva', 'Svetogorska', 'Beograd', 10),;
INSERT INTO PRODAJNO_MESTO (id, naziv, ulica, grad, broj) VALUES (15, 'Farmanova', 'Bulevar Zorana Đinđića', 'Niš', 7);


INSERT INTO SE_NALAZI (prodmestoid, lekid, količina) VALUES (1, 2, 200);
INSERT INTO SE_NALAZI (prodmestoid, lekid, količina) VALUES (2, 3, 300);
INSERT INTO SE_NALAZI (prodmestoid, lekid, količina) VALUES (3, 4, 250);
INSERT INTO SE_NALAZI (prodmestoid, lekid, količina) VALUES (4, 5, 100);
INSERT INTO SE_NALAZI (prodmestoid, lekid, količina) VALUES (5, 6, 500);
INSERT INTO SE_NALAZI (prodmestoid, lekid, količina) VALUES (6, 7, 150);
INSERT INTO SE_NALAZI (prodmestoid, lekid, količina) VALUES (7, 8, 300);
INSERT INTO SE_NALAZI (prodmestoid, lekid, količina) VALUES (8, 10, 400);
INSERT INTO SE_NALAZI (prodmestoid, lekid, količina) VALUES (9, 14, 250);
INSERT INTO SE_NALAZI (prodmestoid, lekid, količina) VALUES (10, 13, 100);
INSERT INTO SE_NALAZI (prodmestoid, lekid, količina) VALUES (11, 12, 150);


INSERT INTO PROIZVOĐAČ (id, naziv) VALUES(1, 'Hemofarm');
INSERT INTO PROIZVOĐAČ (id, naziv) VALUES(2, 'Galena');
INSERT INTO PROIZVOĐAČ (id, naziv) VALUES(3, 'Zdravlje');
INSERT INTO PROIZVOĐAČ (id, naziv) VALUES(4, 'Stada');
INSERT INTO PROIZVOĐAČ (id, naziv) VALUES(5, 'Krka');
INSERT INTO PROIZVOĐAČ (id, naziv) VALUES(6, 'Actavis');
INSERT INTO PROIZVOĐAČ (id, naziv) VALUES(7, 'Bayer');
INSERT INTO PROIZVOĐAČ (id, naziv) VALUES(8, 'Novartis');
INSERT INTO PROIZVOĐAČ (id, naziv) VALUES(9, 'Pfizer');
INSERT INTO PROIZVOĐAČ (id, naziv) VALUES(10, 'Roche');
INSERT INTO PROIZVOĐAČ (id, naziv) VALUES(11, 'Sanofi');
INSERT INTO PROIZVOĐAČ (id, naziv) VALUES(12, 'GSK');
INSERT INTO PROIZVOĐAČ (id, naziv) VALUES(13, 'Merck');
INSERT INTO PROIZVOĐAČ (id, naziv) VALUES(14, 'AstraZeneca');


INSERT INTO LEK_KONTRAINDIKACIJE (LEKID,KONTRAINDIKACIJE) VALUES ('2','alergija');
INSERT INTO LEK_KONTRAINDIKACIJE (LEKID,KONTRAINDIKACIJE) VALUES ('2','astma');INSERT INTO LEK_KONTRAINDIKACIJE (LEKID,KONTRAINDIKACIJE) VALUES ('2','problemi sa jetrom');
INSERT INTO LEK_KONTRAINDIKACIJE (LEKID,KONTRAINDIKACIJE) VALUES ('3','problemi sa želucem');
INSERT INTO LEK_KONTRAINDIKACIJE (LEKID,KONTRAINDIKACIJE) VALUES ('3','krvarenje');
INSERT INTO LEK_KONTRAINDIKACIJE (LEKID,KONTRAINDIKACIJE) VALUES ('3','problemi sa jetrom');
INSERT INTO LEK_KONTRAINDIKACIJE (LEKID,KONTRAINDIKACIJE) VALUES ('4','alergjija');
INSERT INTO LEK_KONTRAINDIKACIJE (LEKID,KONTRAINDIKACIJE) VALUES ('5','problemi sa srcem');
INSERT INTO LEK_KONTRAINDIKACIJE (LEKID,KONTRAINDIKACIJE) VALUES ('5','problemi sa štitnom žlezdom');
INSERT INTO LEK_KONTRAINDIKACIJE (LEKID,KONTRAINDIKACIJE) VALUES ('6','čir na želucu');
INSERT INTO LEK_KONTRAINDIKACIJE (LEKID,KONTRAINDIKACIJE) VALUES ('7','problemi sa bubrezima');
INSERT INTO LEK_KONTRAINDIKACIJE (LEKID,KONTRAINDIKACIJE) VALUES ('8','problemi sa jetrom');


INSERT INTO LEK_NEŽELJENI_EFEKTI (LEKID, NEŽELJENI_EFEKTI) VALUES ('2','vrtoglavica');
INSERT INTO LEK_NEŽELJENI_EFEKTI (LEKID, NEŽELJENI_EFEKTI) VALUES ('2','problemi sa vidom');
INSERT INTO LEK_NEŽELJENI_EFEKTI (LEKID,NEŽELJENI_EFEKTI) VALUES ('2','problemi sa jetrom');
INSERT INTO LEK_NEŽELJENI_EFEKTI (LEKID,NEŽELJENI_EFEKTI) VALUES ('3','problemi sa želucem');
INSERT INTO LEK_NEŽELJENI_EFEKTI (LEKID,NEŽELJENI_EFEKTI) VALUES ('3','krvarenje');
INSERT INTO LEK_NEŽELJENI_EFEKTI (LEKID,NEŽELJENI_EFEKTI) VALUES ('3','problemi sa jetrom');
INSERT INTO LEK_NEŽELJENI_EFEKTI (LEKID, NEŽELJENI_EFEKTI) VALUES ('4','nizak krvni pritisak');
INSERT INTO LEK_NEŽELJENI_EFEKTI (LEKID, NEŽELJENI_EFEKTI) VALUES ('4','problemi sa spavanjem');
INSERT INTO LEK_NEŽELJENI_EFEKTI (LEKID, NEŽELJENI_EFEKTI) VALUES ('5','vrtoglavica');
INSERT INTO LEK_NEŽELJENI_EFEKTI (LEKID, NEŽELJENI_EFEKTI) VALUES ('6','glavobolja');
INSERT INTO LEK_NEŽELJENI_EFEKTI (LEKID, NEŽELJENI_EFEKTI) VALUES ('7','ubrzan rad srca');
INSERT INTO LEK_NEŽELJENI_EFEKTI (LEKID, NEŽELJENI_EFEKTI) VALUES ('8','mučnina');

INSERT INTO LEČI(lekid, bolestid) VALUES(1,9);
INSERT INTO LEČI(lekid, bolestid) VALUES(2,7);
INSERT INTO LEČI(lekid, bolestid) VALUES(3,6);
INSERT INTO LEČI(lekid, bolestid) VALUES(4,9);
INSERT INTO LEČI(lekid, bolestid) VALUES(5,8);
INSERT INTO LEČI(lekid, bolestid) VALUES(6,11);
INSERT INTO LEČI(lekid, bolestid) VALUES(7,1);
INSERT INTO LEČI(lekid, bolestid) VALUES(8,4);
INSERT INTO LEČI(lekid, bolestid) VALUES(9,4);
INSERT INTO LEČI(lekid, bolestid) VALUES(10,3);
INSERT INTO LEČI(lekid, bolestid) VALUES(11,2);
INSERT INTO LEČI(lekid, bolestid) VALUES(12,3);
INSERT INTO LEČI(lekid, bolestid) VALUES(13,5);
INSERT INTO LEČI(lekid, bolestid) VALUES(14,6);

INSERT INTO LEK_ZA_PRODAJU(id) VALUES(1);
INSERT INTO LEK_ZA_PRODAJU(id) VALUES(2);
INSERT INTO LEK_ZA_PRODAJU(id) VALUES(5);
INSERT INTO LEK_ZA_PRODAJU(id) VALUES(7);
INSERT INTO LEK_ZA_PRODAJU(id) VALUES(9);
INSERT INTO LEK_ZA_PRODAJU(id) VALUES(11);

 

INSERT INTO LEK_ZA_IZDAVANJE(id, procenat_participacije)
VALUES(3, 15);
INSERT INTO LEK_ZA_IZDAVANJE(id, procenat_participacije)
VALUES(4, 25);
INSERT INTO LEK_ZA_IZDAVANJE(id, procenat_participacije)
VALUES(6,50);
INSERT INTO LEK_ZA_IZDAVANJE(id, procenat_participacije)
VALUES(8, 0);
INSERT INTO LEK_ZA_IZDAVANJE(id, procenat_participacije)
VALUES(10,50);
INSERT INTO LEK_ZA_IZDAVANJE(id, procenat_participacije)
VALUES(12,75);
INSERT INTO LEK_ZA_IZDAVANJE(id, procenat_participacije)
VALUES(13,0);
INSERT INTO LEK_ZA_IZDAVANJE(id, procenat_participacije)
VALUES(14,30);